<metadata xml:lang="en"><Esri><CreaDate>20220126</CreaDate><CreaTime>12444400</CreaTime><ArcGISFormat>1.0</ArcGISFormat><SyncOnce>FALSE</SyncOnce><DataProperties><itemProps><itemName Sync="TRUE">IDWR_Groundwater_Levels_2021-12-20_0.csv</itemName><imsContentType Sync="TRUE">005</imsContentType></itemProps></DataProperties><SyncDate>20220126</SyncDate><SyncTime>12444400</SyncTime><ModDate>20220126</ModDate><ModTime>12472700</ModTime><scaleRange><minScale>150000000</minScale><maxScale>5000</maxScale></scaleRange><ArcGISProfile>ItemDescription</ArcGISProfile></Esri><dataIdInfo><envirDesc Sync="TRUE"> Version 6.2 (Build 9200) ; Esri ArcGIS 10.6.1.9328</envirDesc><dataLang><languageCode value="eng" Sync="TRUE"/><countryCode value="USA" Sync="TRUE"/></dataLang><idCitation><resTitle Sync="TRUE">IDWR_Groundwater_Levels_2021-12-20_0.csv</resTitle><presForm><PresFormCd value="001" Sync="TRUE"/></presForm></idCitation><idPurp>Depth to water below ground surface measured in feet for the entire state of Idaho</idPurp><idAbs>&lt;DIV STYLE="text-align:Left;"&gt;&lt;DIV&gt;&lt;DIV&gt;&lt;P STYLE="margin:0 0 11 0;"&gt;&lt;SPAN&gt;The Idaho Department of Water Resources (IDWR) maintains a groundwater level database containing data gathered by various sources, including measurements taken by IDWR staff, contractors, consultants, and other public and private entities. IDWR staff periodically measure the depth to water in wells throughout Idaho. Groundwater pressures are also collected in some areas where artesian groundwater systems exist, and are represented as negative values in the time series data (i.e. water pressure is above ground surface). Pressure transducers installed in select wells provide near-continuous water level observations. IDWR strives to generate accurate and beneficial data, and may revise data when necessary. Data can also be viewed, graphed, and downloaded through the IDWR Groundwater Data Portal &lt;/SPAN&gt;&lt;A href="https://idwr-groundwater-data.idaho.gov"&gt;&lt;SPAN&gt;&lt;SPAN&gt;https://idwr-groundwater-data.idaho.gov&lt;/SPAN&gt;&lt;/SPAN&gt;&lt;/A&gt;&lt;SPAN&gt;&lt;SPAN&gt;and additional information can be obtained by visiting &lt;/SPAN&gt;&lt;/SPAN&gt;&lt;A href="https://idwr.idaho.gov/water-data/groundwater-levels/"&gt;&lt;SPAN&gt;&lt;SPAN&gt;https://idwr.idaho.gov/water-data/groundwater-levels/&lt;/SPAN&gt;&lt;/SPAN&gt;&lt;/A&gt;&lt;SPAN&gt;&lt;SPAN&gt;. &lt;/SPAN&gt;&lt;/SPAN&gt;&lt;/P&gt;&lt;P&gt;&lt;SPAN /&gt;&lt;/P&gt;&lt;/DIV&gt;&lt;/DIV&gt;&lt;/DIV&gt;</idAbs><resConst><Consts><useLimit>&lt;DIV STYLE="text-align:Left;"&gt;&lt;P STYLE="margin:0 0 11 0;"&gt;&lt;SPAN&gt;The Idaho Department of Water Resources provides this data as a public service. The Idaho Department of Water Resources strives to ensure that all technical data and other information is accurate, complete, and in conformance with the Idaho Public Records Act. Neither the Department of Water Resources nor the State of Idaho assumes any legal responsibility for the accuracy or completeness of the information provided. Persons using information from this dataset for official purposes, or other purposes in which accuracy and completeness are required, are hereby notified that they should first verify the information with the public records or other primary sources from which the information was obtained. Data may be provisional, and are subject to revision. &lt;/SPAN&gt;&lt;/P&gt;&lt;/DIV&gt;</useLimit></Consts></resConst></dataIdInfo><mdLang><languageCode value="eng" Sync="TRUE"/><countryCode value="USA" Sync="TRUE"/></mdLang><mdChar><CharSetCd value="004" Sync="TRUE"/></mdChar><distInfo><distFormat><formatName Sync="TRUE">Text File</formatName></distFormat></distInfo><mdHrLv><ScopeCd value="007" Sync="TRUE"/></mdHrLv><mdHrLvName Sync="TRUE">non-geographic dataset</mdHrLvName><mdDateSt Sync="TRUE">20220126</mdDateSt></metadata>
