,danceability,energy,key,loudness,mode,speechiness,acousticness,instrumentalness,liveness,valence,tempo,duration_ms,Genre
0,0.844,0.688,1,26.121,0,0.049,0.0129,5.39e-05,0.0492,0.695,124.992,185662,House
1,0.602,0.91,7,30.596,1,0.0308,0.00126,0.000174,0.12,0.228,127.944,140018,House
2,0.587,0.742,6,27.36,0,0.0529,0.0128,0.00107,0.146,0.199,145.007,206000,House
3,0.561,0.965,7,30.327,0,0.0343,0.00383,7.07e-06,0.371,0.304,128.04,175238,House
4,0.754,0.763,7,29.373,0,0.0435,0.0301,2.23e-05,0.0901,0.464,117.953,164819,House
5,0.628,0.801,3,27.937,0,0.0374,0.0866,0.128,0.124,0.668,125.003,138240,House
6,0.824,0.862,2,30.576,1,0.126,0.0076,0.000132,0.303,0.801,122.98,169153,House
7,0.578,0.912,1,30.071,1,0.114,0.0166,0.00362,0.273,0.68,127.87,177525,House
8,0.683,0.887,6,29.056,0,0.0497,0.0125,0.446,0.318,0.551,132.007,267947,House
9,0.566,0.91,8,29.958,0,0.0374,0.0234,2.78e-06,0.426,0.38,126.019,201905,House
10,0.686,0.892,10,30.814,0,0.0498,0.0577,7.11e-06,0.0838,0.752,126.03,157206,House
11,0.854,0.806,11,25.738,0,0.0886,0.0209,0.0542,0.0703,0.637,124.927,157890,House
12,0.724,0.78,1,27.182,1,0.0583,0.0361,5.65e-06,0.458,0.284,116.0,180000,House
13,0.774,0.73,7,27.423,1,0.0408,0.00158,0.675,0.217,0.629,123.026,189268,House
14,0.671,0.782,6,29.407,1,0.0341,0.0142,0.00221,0.333,0.618,123.989,178088,House
15,0.62,0.744,9,29.459,0,0.107,0.0631,1.19e-06,0.46,0.332,128.141,149531,House
16,0.791,0.862,9,30.76,0,0.11,0.037,2.19e-05,0.0814,0.592,123.994,214847,House
17,0.845,0.797,1,29.016,1,0.139,0.0582,5.57e-06,0.167,0.422,121.985,151475,House
18,0.639,0.904,3,29.764,0,0.0533,0.0513,3.31e-05,0.0862,0.538,125.914,164286,House
19,0.787,0.833,8,29.597,1,0.0478,0.018,0.00747,0.0374,0.796,123.97,162604,House
20,0.727,0.681,5,26.886,0,0.0265,0.00214,0.000307,0.0861,0.448,123.028,241970,House
21,0.614,0.748,8,29.573,1,0.0539,0.0926,0.0,0.152,0.573,123.947,174194,House
22,0.812,0.634,8,29.04,1,0.163,0.0564,0.0,0.276,0.463,124.074,174194,House
23,0.621,0.785,6,29.501,1,0.11,0.0165,5.92e-06,0.0512,0.779,123.96,155253,House
24,0.737,0.869,4,29.592,0,0.0381,0.125,0.00311,0.133,0.28,129.0,184419,House
25,0.72,0.858,0,28.343,1,0.0314,0.000307,0.692,0.0932,0.565,124.001,184839,House
26,0.734,0.855,6,29.422,0,0.135,0.0821,4.73e-06,0.0901,0.54,121.955,139563,House
27,0.666,0.66,8,28.255,0,0.0408,0.318,0.0002,0.549,0.609,121.981,149760,House
28,0.539,0.715,11,27.361,0,0.0595,0.0265,0.0,0.609,0.489,123.854,165524,House
29,0.761,0.821,8,28.762,1,0.202,0.185,0.0,0.0692,0.388,108.13,125879,House
30,0.658,0.762,7,27.486,1,0.181,0.0442,0.0,0.223,0.478,121.995,147216,House
31,0.705,0.864,0,28.87,0,0.0344,0.276,0.00037,0.0872,0.626,120.012,176734,House
32,0.595,0.784,1,29.122,1,0.102,0.216,0.0,0.0608,0.479,124.111,183726,House
33,0.628,0.783,4,27.982,0,0.184,0.135,1.22e-05,0.687,0.236,127.949,142559,House
34,0.691,0.695,0,28.4,1,0.0367,0.0592,0.0,0.0647,0.514,106.064,233386,House
35,0.669,0.784,7,28.397,1,0.112,0.194,6.28e-06,0.115,0.517,125.993,150053,House
36,0.784,0.903,4,29.779,1,0.058,0.0569,0.000159,0.386,0.887,123.96,156290,House
37,0.859,0.558,7,25.009,0,0.0902,0.659,0.324,0.124,0.357,114.978,144391,House
38,0.667,0.842,9,29.493,0,0.0457,0.0585,2.81e-06,0.227,0.661,121.992,182451,House
39,0.707,0.712,0,28.011,1,0.0361,0.0417,0.0,0.575,0.407,127.903,194531,House
40,0.638,0.872,2,27.779,1,0.0415,0.0241,0.0159,0.118,0.253,121.041,199091,House
41,0.741,0.931,10,30.553,0,0.0563,0.0225,0.000102,0.191,0.517,125.011,144000,House
42,0.555,0.801,10,28.072,0,0.0777,0.0907,0.0,0.105,0.382,127.956,151875,House
43,0.787,0.828,11,30.421,0,0.0297,0.106,0.000605,0.105,0.544,119.953,182700,House
44,0.758,0.913,6,31.074,0,0.113,0.00364,6.92e-05,0.193,0.658,128.04,186210,House
45,0.642,0.869,6,28.729,0,0.0452,0.252,0.0288,0.0708,0.376,123.91,149032,House
46,0.689,0.842,1,27.41,0,0.0694,0.0195,3.54e-06,0.62,0.385,125.978,152624,House
47,0.689,0.612,6,27.986,1,0.0387,0.228,7.77e-06,0.368,0.461,122.076,193018,House
48,0.848,0.821,2,28.592,0,0.0527,0.0169,0.000403,0.0962,0.249,125.051,157445,House
49,0.737,0.841,11,27.018,0,0.0454,0.0494,0.00128,0.299,0.818,124.003,150968,House
50,0.595,0.929,4,24.903,1,0.0447,0.00618,0.889,0.0888,0.844,137.991,175107,Trance
51,0.63,0.892,7,28.878,1,0.041,0.0105,0.0069,0.144,0.557,130.012,235025,Trance
52,0.631,0.912,9,26.409,0,0.0362,0.0346,0.539,0.0729,0.329,138.043,216360,Trance
53,0.446,0.934,6,29.298,1,0.0405,0.0224,0.0715,0.132,0.0733,136.104,220588,Trance
54,0.529,0.871,8,28.397,0,0.0397,0.0357,0.827,0.161,0.236,132.002,189380,Trance
55,0.617,0.79,3,27.017,0,0.0365,0.00212,0.0455,0.159,0.267,138.001,190427,Trance
56,0.542,0.719,1,25.256,1,0.0303,0.0529,0.84,0.0859,0.0735,130.944,202867,Trance
57,0.452,0.925,2,26.519,1,0.0398,0.000241,0.85,0.12,0.436,136.997,210960,Trance
58,0.668,0.982,9,26.021,0,0.0331,0.0437,0.849,0.887,0.591,138.223,233243,Trance
59,0.561,0.957,0,27.375,1,0.0428,0.000134,0.736,0.0913,0.334,138.019,217147,Trance
60,0.614,0.817,7,26.473,1,0.0631,0.058,0.0354,0.446,0.644,135.01,212000,Trance
61,0.587,0.896,6,25.866,0,0.0397,0.0128,0.92,0.252,0.245,132.006,153150,Trance
62,0.524,0.876,1,26.893,0,0.0965,0.00561,0.0246,0.106,0.0366,137.891,241739,Trance
63,0.466,0.93,4,31.445,0,0.0627,0.0707,0.0009,0.33,0.134,129.99,275646,Trance
64,0.559,0.912,7,28.071,0,0.0529,0.00813,0.0895,0.422,0.415,128.021,196992,Trance
65,0.541,0.846,8,23.021,1,0.0462,0.00306,0.901,0.516,0.0395,131.945,109105,Trance
66,0.59,0.708,4,25.542,0,0.0301,0.00287,0.000792,0.428,0.235,129.942,189945,Trance
67,0.439,0.957,9,27.845,1,0.0388,0.000635,0.978,0.15,0.496,135.976,171176,Trance
68,0.562,0.968,7,30.001,0,0.0308,0.00292,0.908,0.0876,0.463,139.999,241520,Trance
69,0.594,0.962,5,24.814,0,0.0678,0.0657,0.936,0.0418,0.298,133.021,229600,Trance
70,0.631,0.784,4,24.721,0,0.0405,0.0183,0.479,0.603,0.572,137.029,584586,Trance
71,0.503,0.96,5,26.179,0,0.0479,0.00136,0.898,0.101,0.102,128.032,169572,Trance
72,0.483,0.808,0,23.338,1,0.0407,0.00272,0.102,0.348,0.0388,136.029,299827,Trance
73,0.49,0.916,10,25.337,0,0.0461,0.0202,0.939,0.119,0.367,139.976,205053,Trance
74,0.27,0.703,2,21.37,0,0.0408,0.0684,0.93,0.16,0.205,125.002,236688,Trance
75,0.562,0.983,4,28.815,1,0.0632,0.00677,0.153,0.199,0.12,138.012,250435,Trance
76,0.518,0.888,7,26.461,1,0.0486,0.0013,0.908,0.203,0.289,131.984,170360,Trance
77,0.514,0.899,9,24.988,1,0.0339,0.000149,0.574,0.488,0.351,129.986,59080,Trance
78,0.652,0.936,1,25.423,1,0.0293,0.0137,0.00887,0.0566,0.561,137.982,197160,Trance
79,0.429,0.965,3,26.257,1,0.0394,0.00123,0.107,0.119,0.166,137.926,210933,Trance
80,0.432,0.968,1,25.445,0,0.073,0.000503,0.877,0.381,0.242,137.974,201616,Trance
81,0.596,0.863,6,27.823,0,0.0362,0.0405,0.531,0.37,0.421,137.716,203440,Trance
82,0.533,0.934,4,29.685,1,0.0522,0.000433,0.422,0.439,0.173,127.973,155132,Trance
83,0.444,0.974,2,28.974,0,0.0577,0.00155,0.795,0.355,0.0355,129.996,232615,Trance
84,0.542,0.928,5,26.141,0,0.095,0.00458,0.0312,0.494,0.733,129.984,73840,Trance
85,0.452,0.946,10,29.98,0,0.0349,0.000221,0.925,0.356,0.461,140.011,161170,Trance
86,0.472,0.988,1,28.804,0,0.0631,0.000168,0.625,0.266,0.34,125.003,223359,Trance
87,0.557,0.942,9,27.942,0,0.0452,0.075,0.282,0.0445,0.309,136.023,231307,Trance
88,0.535,0.961,10,29.552,0,0.0799,0.0219,0.208,0.066,0.0585,137.967,263913,Trance
89,0.547,0.544,5,23.837,0,0.0318,0.0196,0.0225,0.0862,0.523,134.988,361133,Trance
90,0.466,0.975,7,29.269,0,0.0739,0.00909,0.91,0.0959,0.0627,137.984,206957,Trance
91,0.63,0.673,9,26.334,1,0.0503,0.0199,4.33e-05,0.0713,0.299,135.976,572354,Trance
92,0.726,0.777,4,24.672,0,0.0494,0.0061,0.897,0.133,0.0657,137.047,313120,Trance
93,0.257,0.863,5,26.788,0,0.0316,0.146,0.806,0.255,0.695,134.029,134453,Trance
94,0.511,0.793,2,22.130000000000003,0,0.0285,0.000563,0.826,0.123,0.233,136.067,179800,Trance
95,0.539,0.982,11,28.563,0,0.0618,0.00254,0.157,0.225,0.24,136.024,205618,Trance
96,0.708,0.898,3,23.023,0,0.0477,0.0408,0.818,0.169,0.55,137.005,199719,Trance
97,0.487,0.937,10,28.961,0,0.0645,0.0313,1.3e-05,0.101,0.0744,129.956,186923,Trance
98,0.609,0.924,5,30.446,1,0.0402,0.00702,0.769,0.292,0.101,132.026,80003,Trance
99,0.648,0.739,11,28.929,0,0.0433,0.0143,0.821,0.417,0.0605,135.065,189552,Trance
100,0.866,0.828,8,25.296,1,0.203,0.203,0.527,0.123,0.543,133.004,183333,Techno
101,0.601,0.98,7,28.934,1,0.132,0.00555,0.86,0.475,0.155,154.966,309294,Techno
102,0.674,0.961,0,23.812,0,0.0624,0.0623,0.895,0.0844,0.124,150.045,262400,Techno
103,0.557,0.993,0,29.112,1,0.0468,3.02e-05,0.855,0.166,0.941,160.034,250145,Techno
104,0.585,0.879,6,25.072,0,0.0482,0.000677,0.824,0.0613,0.0454,127.021,190866,Techno
105,0.606,0.884,8,28.103,1,0.0412,0.00541,0.848,0.102,0.243,125.045,186285,Techno
106,0.592,0.96,1,27.031,1,0.12,0.0249,0.858,0.445,0.0385,135.002,248889,Techno
107,0.801,0.713,1,25.732,1,0.0675,0.00164,0.928,0.33,0.0491,134.986,433971,Techno
108,0.742,0.609,11,23.494,0,0.0908,0.241,0.581,0.103,0.043,128.004,440842,Techno
109,0.748,0.908,5,25.681,0,0.0504,0.0588,0.894,0.0943,0.0576,130.004,489480,Techno
110,0.594,0.978,2,26.402,1,0.0634,0.0028,0.639,0.112,0.154,145.014,381119,Techno
111,0.801,0.511,1,20.189,1,0.235,0.581,0.585,0.242,0.0839,149.973,147204,Techno
112,0.687,0.953,0,28.745,1,0.0488,0.0056,0.825,0.096,0.399,144.999,373490,Techno
113,0.639,0.997,2,29.41,1,0.107,0.000356,0.828,0.146,0.132,152.976,324718,Techno
114,0.725,0.908,7,25.202,1,0.0345,0.0373,0.824,0.108,0.134,128.006,337500,Techno
115,0.776,0.958,11,29.859,0,0.0625,0.00271,0.915,0.0645,0.143,131.008,378185,Techno
116,0.596,0.837,7,28.017,0,0.0488,0.0775,0.806,0.297,0.0954,125.93,274552,Techno
117,0.788,0.585,9,23.758,1,0.0573,0.776,0.817,0.123,0.321,74.98,89646,Techno
118,0.742,0.855,1,25.656,0,0.0611,0.0317,0.81,0.119,0.0455,138.008,420684,Techno
119,0.829,0.722,11,22.234,0,0.256,0.0243,0.741,0.126,0.429,140.02,280079,Techno
120,0.707,0.815,7,27.8,1,0.147,0.00499,0.828,0.0874,0.148,133.024,206626,Techno
121,0.755,0.777,6,27.276,1,0.053,0.00734,0.177,0.0978,0.0931,128.015,380625,Techno
122,0.598,0.937,0,28.316,1,0.0373,0.00842,0.824,0.163,0.154,139.993,115335,Techno
123,0.684,0.853,11,26.324,1,0.0559,0.00108,0.892,0.0611,0.192,129.999,207000,Techno
124,0.611,0.906,9,25.806,1,0.0638,0.0175,0.603,0.39,0.476,149.989,191200,Techno
125,0.714,0.782,7,26.684,0,0.0402,0.0756,0.64,0.256,0.0663,121.969,213496,Techno
126,0.539,0.741,2,27.029,1,0.0629,1.73e-05,0.777,0.265,0.408,149.997,298567,Techno
127,0.763,0.791,11,27.411,0,0.0495,0.000268,0.792,0.0752,0.0603,131.978,413230,Techno
128,0.68,0.914,2,28.631,1,0.141,0.0385,0.806,0.386,0.136,133.029,220376,Techno
129,0.765,0.94,6,24.216,0,0.0605,0.0597,0.932,0.106,0.0528,135.009,384387,Techno
130,0.637,0.68,10,24.234,0,0.0884,0.817,0.849,0.301,0.614,150.027,64418,Techno
131,0.753,0.932,1,25.028,1,0.081,0.0191,0.769,0.178,0.532,133.017,193083,Techno
132,0.463,0.995,5,26.838,1,0.081,1.79e-05,0.938,0.0707,0.0576,143.994,321667,Techno
133,0.609,0.912,11,27.407,0,0.0391,0.0196,0.478,0.133,0.0391,135.027,204444,Techno
134,0.646,0.855,11,26.387,0,0.0449,0.00139,0.759,0.073,0.303,138.008,399022,Techno
135,0.8,0.846,5,26.482,1,0.0624,0.0277,0.877,0.0896,0.211,127.008,272395,Techno
136,0.618,0.924,10,29.776,0,0.0334,0.014,0.867,0.261,0.115,130.012,142154,Techno
137,0.627,0.991,5,25.476,0,0.0416,0.000549,0.845,0.0789,0.261,144.001,258573,Techno
138,0.634,0.907,1,22.617,0,0.125,0.0355,0.972,0.129,0.0502,140.013,174811,Techno
139,0.585,0.948,1,26.994,0,0.0821,0.02,0.361,0.0704,0.407,149.955,378633,Techno
140,0.697,0.885,7,28.998,1,0.0554,0.00404,0.832,0.278,0.417,135.018,222222,Techno
141,0.89,0.727,11,25.294,1,0.3,0.0637,0.815,0.196,0.31,150.034,82004,Techno
142,0.521,0.96,10,26.41,0,0.0356,0.000435,0.846,0.559,0.173,132.009,240404,Techno
143,0.753,0.978,7,28.534,1,0.0888,0.00703,0.701,0.308,0.311,132.005,254769,Techno
144,0.691,0.873,7,23.877,1,0.0484,0.173,0.872,0.118,0.183,135.017,192000,Techno
145,0.786,0.908,7,23.598,1,0.057,0.00609,0.867,0.11,0.0543,134.995,371556,Techno
146,0.752,0.486,10,21.47,0,0.0493,0.0479,0.877,0.0926,0.0379,121.0,421307,Techno
147,0.655,0.997,10,28.844,0,0.103,0.000901,0.869,0.108,0.0648,136.013,377868,Techno
148,0.787,0.952,7,29.189,1,0.0476,0.000794,0.748,0.13,0.0384,132.003,429205,Techno
149,0.77,0.966,6,27.297,1,0.0422,0.000438,0.932,0.098,0.349,126.01,505577,Techno
150,0.704,0.944,10,32.053,0,0.147,0.0018,0.0,0.072,0.191,174.183,268966,DnB
151,0.771,0.811,4,28.149,0,0.199,0.00498,0.00168,0.589,0.245,173.982,246293,DnB
152,0.656,0.875,8,32.555,0,0.241,0.0109,0.0236,0.131,0.159,174.825,290057,DnB
153,0.724,0.877,11,30.328,1,0.0893,0.000722,0.91,0.0511,0.596,87.0,267601,DnB
154,0.489,0.945,1,31.253,0,0.0561,0.0208,0.00457,0.258,0.358,172.089,231628,DnB
155,0.767,0.942,9,36.185,0,0.0966,0.00323,0.844,0.0602,0.632,174.965,271543,DnB
156,0.802,0.953,0,28.811,1,0.139,0.00771,0.0122,0.294,0.358,86.964,196121,DnB
157,0.753,0.934,10,32.272,0,0.306,0.369,0.0,0.932,0.716,87.57,344999,DnB
158,0.764,0.893,8,32.872,0,0.243,4.07e-05,0.641,0.319,0.469,87.514,263668,DnB
159,0.61,0.913,1,33.581,1,0.0762,0.0843,0.0,0.344,0.302,175.094,309943,DnB
160,0.393,0.981,11,31.0,1,0.171,5.68e-05,0.867,0.102,0.0691,174.939,252400,DnB
161,0.645,0.959,4,28.354,0,0.0615,6.85e-05,0.481,0.07,0.719,174.053,234655,DnB
162,0.859,0.768,11,31.624,1,0.334,0.00394,0.633,0.39,0.725,133.982,276926,DnB
163,0.378,0.939,6,31.368,0,0.526,0.00993,0.78,0.649,0.0509,174.794,381264,DnB
164,0.611,0.906,11,32.631,0,0.428,0.347,0.0,0.232,0.565,180.111,208000,DnB
165,0.819,0.767,10,28.402,0,0.0531,0.000569,0.849,0.0552,0.597,132.995,306767,DnB
166,0.705,0.943,10,33.831,0,0.0817,0.0229,0.0,0.151,0.0356,175.04,268800,DnB
167,0.786,0.764,11,29.22,0,0.154,0.0712,1.67e-05,0.189,0.873,130.135,258281,DnB
168,0.764,0.922,6,33.121,0,0.057,0.009,0.000181,0.121,0.805,133.941,237169,DnB
169,0.895,0.784,1,29.406,1,0.25,0.102,0.0844,0.687,0.546,132.022,312727,DnB
170,0.584,0.993,5,35.634,0,0.0527,0.456,0.688,0.129,0.36,175.082,289371,DnB
171,0.871,0.938,11,27.961,1,0.113,0.0594,1.81e-05,0.801,0.465,131.004,228000,DnB
172,0.725,0.692,1,23.715,1,0.116,0.0277,0.000714,0.0973,0.495,139.986,303429,DnB
173,0.879,0.727,11,28.269,0,0.293,0.0444,0.0268,0.0508,0.824,140.016,332571,DnB
174,0.639,0.824,7,27.449,1,0.146,0.000146,0.287,0.212,0.565,173.797,189827,DnB
175,0.646,0.864,9,30.273,1,0.0718,0.087,0.0,0.0923,0.082,87.419,264000,DnB
176,0.841,0.883,1,34.191,1,0.41,0.18,5.31e-06,0.18,0.606,137.052,216355,DnB
177,0.588,0.857,4,32.857,1,0.456,0.0262,1.25e-05,0.328,0.392,178.699,277114,DnB
178,0.688,0.922,6,34.444,0,0.0362,0.263,0.0302,0.186,0.695,175.054,230400,DnB
179,0.694,0.769,11,30.187,0,0.199,0.000314,0.00345,0.11,0.18,137.948,224348,DnB
180,0.6,0.841,6,27.705,0,0.198,0.00102,0.683,0.458,0.294,130.07,251077,DnB
181,0.875,0.949,10,29.819,0,0.231,0.0244,0.000311,0.354,0.534,130.003,260000,DnB
182,0.524,0.951,1,32.57,1,0.151,0.00161,0.928,0.0658,0.218,175.048,271000,DnB
183,0.783,0.789,6,30.101,0,0.0797,0.135,0.33,0.213,0.853,128.019,206250,DnB
184,0.922,0.796,10,30.081,0,0.129,0.0606,0.834,0.0819,0.599,125.073,297600,DnB
185,0.804,0.949,11,28.563,1,0.236,0.0508,1.85e-05,0.197,0.776,139.978,264000,DnB
186,0.652,0.934,10,29.47,1,0.0803,0.0516,0.6,0.168,0.366,132.979,357000,DnB
187,0.747,0.984,6,28.622,1,0.0582,0.0175,0.109,0.331,0.857,130.039,272000,DnB
188,0.563,0.845,7,34.422,1,0.136,0.0475,0.6,0.205,0.413,176.039,299324,DnB
189,0.629,0.734,4,30.031,0,0.043,0.00118,7.03e-06,0.638,0.197,128.089,185617,DnB
190,0.796,0.884,11,28.591,0,0.161,0.214,2.77e-06,0.164,0.35,134.038,265075,DnB
191,0.834,0.805,7,30.113,0,0.0566,0.0116,3.42e-06,0.0642,0.469,128.04,181603,DnB
192,0.644,0.728,9,28.391,0,0.107,0.00892,0.00753,0.589,0.389,130.018,329145,DnB
193,0.65,0.848,1,30.745,1,0.367,0.00177,0.00162,0.132,0.0862,174.792,262629,DnB
194,0.592,0.941,8,29.931,1,0.0728,0.00342,0.00059,0.307,0.729,134.017,237418,DnB
195,0.907,0.961,6,34.839,1,0.05,0.0519,0.291,0.0683,0.969,87.516,268629,DnB
196,0.701,0.985,3,29.326,0,0.057,0.0158,0.000536,0.442,0.899,131.01,240319,DnB
197,0.689,0.924,0,29.758,1,0.26,0.0121,5.95e-05,0.605,0.686,129.987,240000,DnB
198,0.84,0.874,11,29.2,0,0.0468,0.0506,0.904,0.0911,0.233,129.021,243721,DnB
199,0.578,0.936,5,32.162,0,0.0568,0.00592,0.0257,0.226,0.183,174.9,268800,DnB
200,0.507,0.951,1,30.29,1,0.0654,0.000203,0.478,0.417,0.0628,140.077,246770,Dubstep
201,0.556,0.881,7,31.776,1,0.082,0.00119,0.0,0.0709,0.337,104.973,213697,Dubstep
202,0.573,0.978,1,32.991,1,0.0883,0.000685,0.0621,0.169,0.0816,149.978,221600,Dubstep
203,0.674,0.883,6,30.064,1,0.0408,0.00179,0.929,0.671,0.0397,139.974,309547,Dubstep
204,0.54,0.929,1,30.17,1,0.447,0.00183,0.000193,0.234,0.449,75.029,156800,Dubstep
205,0.297,0.793,0,27.671,1,0.144,0.000201,6.33e-06,0.117,0.428,84.967,226613,Dubstep
206,0.657,0.955,11,31.858,1,0.36,0.0158,0.0218,0.181,0.0765,75.03,256000,Dubstep
207,0.615,0.91,5,31.175,0,0.0762,0.00761,0.0067,0.16,0.346,140.0,281147,Dubstep
208,0.465,0.873,9,32.399,1,0.0785,0.0857,0.0,0.0585,0.347,149.534,294485,Dubstep
209,0.461,0.964,1,30.725,1,0.223,0.00025,0.3,0.247,0.0558,112.586,217600,Dubstep
210,0.731,0.95,11,33.589,1,0.0477,0.113,0.000879,0.138,0.252,140.063,137143,Dubstep
211,0.536,0.944,1,30.971,1,0.0867,0.000117,0.00345,0.353,0.589,174.031,272078,Dubstep
212,0.429,0.948,5,30.343,0,0.227,0.00711,0.0148,0.0812,0.55,115.785,261517,Dubstep
213,0.711,0.989,8,31.899,1,0.161,0.0172,0.0919,0.477,0.0879,109.138,198621,Dubstep
214,0.659,0.757,7,29.198,0,0.03,0.0111,0.696,0.128,0.475,139.949,350098,Dubstep
215,0.596,0.899,6,33.34,0,0.138,0.226,0.39,0.567,0.223,144.965,199655,Dubstep
216,0.489,0.952,6,32.091,1,0.0795,0.00749,0.19,0.146,0.0664,149.852,200000,Dubstep
217,0.707,0.981,10,34.135,0,0.0577,0.0676,0.0162,0.119,0.438,147.0,143673,Dubstep
218,0.592,0.886,7,28.343,0,0.032,0.00487,0.062,0.306,0.106,139.913,275056,Dubstep
219,0.623,0.985,1,33.681,1,0.111,0.018,0.0973,0.354,0.561,150.01,188000,Dubstep
220,0.632,0.989,8,32.327,1,0.175,0.00177,0.56,0.547,0.0662,128.004,234376,Dubstep
221,0.57,0.96,6,32.014,0,0.0656,0.00139,0.829,0.137,0.148,150.063,227200,Dubstep
222,0.614,0.726,11,27.559,1,0.096,0.00869,0.00131,0.157,0.315,144.965,320000,Dubstep
223,0.595,0.961,7,30.219,1,0.31,0.0282,0.0,0.271,0.61,174.071,258827,Dubstep
224,0.617,0.957,8,30.85,1,0.173,0.0165,0.00128,0.208,0.109,125.039,168960,Dubstep
225,0.534,0.927,6,30.146,0,0.119,0.00347,0.000123,0.114,0.231,138.036,347826,Dubstep
226,0.619,0.84,9,34.115,1,0.063,0.104,0.000996,0.332,0.425,69.598,96000,Dubstep
227,0.599,0.912,6,31.627,0,0.0429,3.34e-05,0.0188,0.247,0.0385,112.517,166400,Dubstep
228,0.534,0.998,11,32.846000000000004,1,0.34,0.000416,0.0716,0.1,0.186,150.034,245955,Dubstep
229,0.312,0.892,4,31.471,1,0.0666,0.000209,0.809,0.101,0.033,112.639,282835,Dubstep
230,0.592,0.937,11,28.547,0,0.158,0.00418,7.58e-06,0.406,0.339,150.096,298400,Dubstep
231,0.33,0.853,1,29.313,1,0.19,0.000267,0.00278,0.272,0.201,120.135,251613,Dubstep
232,0.635,0.947,10,32.081,0,0.123,0.0233,0.0541,0.126,0.593,155.01,266323,Dubstep
233,0.355,0.956,9,33.294,0,0.0799,0.000581,0.172,0.413,0.0874,110.037,179582,Dubstep
234,0.366,0.572,2,29.252,1,0.0377,0.343,0.00895,0.186,0.356,119.938,389024,Dubstep
235,0.622,0.931,10,34.503,1,0.0671,0.00258,0.000901,0.32,0.24,75.031,157050,Dubstep
236,0.433,0.758,2,28.264,1,0.662,0.0409,2.64e-05,0.102,0.22,87.402,219429,Dubstep
237,0.64,0.903,5,30.958,0,0.185,0.00105,0.0503,0.171,0.152,128.079,301122,Dubstep
238,0.616,0.985,6,32.21,0,0.0618,0.000443,0.375,0.863,0.53,150.024,182800,Dubstep
239,0.486,0.942,1,32.356,1,0.204,0.0016,0.0052,0.256,0.284,75.376,238500,Dubstep
240,0.63,0.984,11,31.813,1,0.0658,0.000666,0.00804,0.163,0.214,145.074,185379,Dubstep
241,0.699,0.945,1,33.058,1,0.306,0.0289,0.0,0.362,0.861,149.95,144000,Dubstep
242,0.499,0.826,9,26.918,0,0.0534,0.00095,0.029,0.122,0.427,140.007,281083,Dubstep
243,0.735,0.92,2,30.964,1,0.051,0.000634,0.186,0.394,0.453,150.0,203600,Dubstep
244,0.734,0.958,1,33.312,0,0.199,0.059,0.215,0.331,0.366,74.966,236800,Dubstep
245,0.713,0.971,0,32.736,1,0.381,0.00228,2.05e-05,0.242,0.676,128.064,284130,Dubstep
246,0.472,0.979,11,32.729,0,0.043,0.0474,0.00032,0.128,0.57,149.991,193600,Dubstep
247,0.343,0.853,2,28.834,1,0.0924,1.29e-05,0.609,0.197,0.171,109.969,303866,Dubstep
248,0.434,0.962,3,31.11,0,0.126,0.0003,0.734,0.105,0.226,128.162,299375,Dubstep
249,0.55,0.918,10,31.224,0,0.0693,0.000487,0.886,0.642,0.0472,108.078,218483,Dubstep
250,0.599,0.406,4,14.119,0,0.0368,0.822,0.933,0.112,0.326,134.762,547133,IDM
251,0.667,0.729,1,23.951,0,0.0419,0.00101,0.543,0.34,0.209,147.324,260467,IDM
252,0.52,0.858,9,25.282,1,0.0729,0.108,0.834,0.117,0.215,93.834,315133,IDM
253,0.201,0.206,7,18.201,1,0.0317,0.938,1.01e-06,0.66,0.16,159.898,69453,IDM
254,0.521,0.29,8,17.141,1,0.03,0.54,0.559,0.111,0.28,100.05,220920,IDM
255,0.576,0.533,5,21.009,1,0.0381,0.69,0.856,0.148,0.0481,104.975,154781,IDM
256,0.808,0.385,9,22.673,1,0.0425,0.812,0.684,0.157,0.779,116.3,66053,IDM
257,0.328,0.62,5,24.213,1,0.0322,4.23e-06,0.209,0.754,0.257,80.062,71867,IDM
258,0.284,0.00898,9,1.796999999999997,1,0.041,0.989,0.875,0.0786,0.254,75.847,130440,IDM
259,0.59,0.238,7,13.646999999999998,1,0.0331,0.832,0.896,0.114,0.359,102.006,184453,IDM
260,0.454,0.215,6,14.478000000000002,0,0.0298,0.938,0.936,0.0958,0.114,118.013,170000,IDM
261,0.71,0.734,0,19.068,0,0.052,0.513,0.836,0.0701,0.4,147.98,177093,IDM
262,0.155,0.0204,4,2.7880000000000003,0,0.0462,0.995,0.936,0.139,0.278,79.755,75627,IDM
263,0.546,0.734,7,25.192,1,0.0343,0.127,0.932,0.0501,0.447,145.867,382373,IDM
264,0.803,0.885,6,26.971,1,0.0518,0.00653,0.555,0.203,0.844,110.393,257880,IDM
265,0.841,0.588,11,22.976,1,0.0744,0.251,0.76,0.11,0.304,90.025,254962,IDM
266,0.0,0.628,1,19.259,1,0.0,0.261,0.798,0.129,0.0,100.0,156246,IDM
267,0.741,0.87,11,26.165,1,0.0679,0.0337,0.789,0.101,0.927,128.01,272200,IDM
268,0.551,0.469,2,25.607,1,0.0296,0.327,0.161,0.0939,0.498,75.495,252256,IDM
269,0.566,0.957,9,27.825,0,0.134,0.0304,0.935,0.292,0.541,167.26,381413,IDM
270,0.649,0.589,5,21.818,0,0.0294,0.853,0.929,0.107,0.305,113.022,147933,IDM
271,0.712,0.742,5,28.335,0,0.0337,0.0231,0.694,0.222,0.538,116.976,266640,IDM
272,0.431,0.623,1,26.574,1,0.0368,0.509,0.92,0.0987,0.135,166.969,217133,IDM
273,0.607,0.373,7,20.031,0,0.0384,0.0839,0.911,0.194,0.0917,91.011,419565,IDM
274,0.789,0.684,1,19.482,1,0.142,0.813,0.933,0.443,0.655,133.013,59267,IDM
275,0.667,0.567,1,22.371,1,0.044,0.0154,0.945,0.118,0.338,139.088,192080,IDM
276,0.629,0.709,4,21.83,0,0.0797,0.0214,0.768,0.111,0.443,156.039,372840,IDM
277,0.241,0.254,6,16.97,1,0.0416,0.994,0.88,0.0639,0.0378,139.131,278693,IDM
278,0.571,0.692,1,21.62,1,0.0549,0.508,0.865,0.279,0.319,120.041,71640,IDM
279,0.486,0.611,7,25.104,1,0.0407,0.0485,0.893,0.109,0.0457,100.986,281981,IDM
280,0.347,0.143,1,17.651,1,0.0336,0.949,0.921,0.094,0.0396,90.093,79173,IDM
281,0.448,0.29,5,22.037,0,0.0874,0.673,0.822,0.491,0.128,92.836,257440,IDM
282,0.783,0.745,4,22.5,0,0.0839,0.00237,0.17,0.102,0.888,133.193,509539,IDM
283,0.596,0.95,6,21.241,1,0.0462,0.0339,0.858,0.138,0.434,134.984,432893,IDM
284,0.497,0.41,10,10.670000000000002,0,0.533,0.774,0.000965,0.128,0.965,52.581,37627,IDM
285,0.701,0.729,10,25.867,0,0.396,0.0406,0.00568,0.318,0.343,114.999,561693,IDM
286,0.0,0.602,7,23.297,1,0.0,0.349,0.689,0.11,0.0,101.0,246400,IDM
287,0.675,0.759,6,20.018,0,0.0543,0.516,0.934,0.372,0.129,127.991,342000,IDM
288,0.733,0.687,1,23.513,1,0.0444,0.0224,0.702,0.0648,0.526,125.752,278708,IDM
289,0.727,0.676,10,26.065,1,0.0415,0.0886,0.612,0.0998,0.925,171.157,285667,IDM
290,0.427,0.306,7,18.381,1,0.0331,0.958,0.944,0.153,0.177,88.062,59267,IDM
291,0.706,0.625,1,24.059,1,0.0355,0.0512,0.687,0.0816,0.0635,99.979,339460,IDM
292,0.741,0.313,0,18.587,1,0.0763,0.403,0.948,0.117,0.118,125.008,132973,IDM
293,0.732,0.504,2,22.353,1,0.0302,0.788,0.828,0.0996,0.701,118.107,281304,IDM
294,0.716,0.83,4,26.339,0,0.0394,0.284,0.887,0.067,0.126,120.194,287587,IDM
295,0.709,0.507,6,21.81,1,0.145,0.0156,0.862,0.103,0.737,168.782,358080,IDM
296,0.745,0.811,1,23.745,1,0.0413,0.381,0.89,0.102,0.547,130.038,374507,IDM
297,0.465,0.619,7,23.053,1,0.0447,0.758,0.916,0.108,0.0544,113.984,266270,IDM
298,0.433,0.761,8,25.052,0,0.0353,0.0691,0.952,0.113,0.112,155.802,480760,IDM
299,0.45,0.404,7,26.213,1,0.0399,0.484,0.0834,0.208,0.18,72.984,378600,IDM
300,0.525,0.843,7,27.751,1,0.032,0.000465,0.595,0.0813,0.0533,125.0,238080,Synthwave
301,0.567,0.79,0,27.49,1,0.0996,0.252,0.908,0.105,0.639,180.06,140347,Synthwave
302,0.538,0.832,2,26.075,1,0.0261,0.00289,0.864,0.214,0.437,133.018,293232,Synthwave
303,0.495,0.612,8,25.999,0,0.0572,0.000422,0.874,0.071,0.378,200.034,248640,Synthwave
304,0.435,0.638,1,22.485,1,0.0343,0.0693,0.907,0.17,0.552,89.992,300837,Synthwave
305,0.312,0.755,5,32.327,0,0.067,6.72e-05,0.076,0.272,0.288,147.162,208973,Synthwave
306,0.774,0.791,3,28.067,1,0.0917,0.0794,0.334,0.0795,0.546,130.038,297002,Synthwave
307,0.501,0.875,3,27.833,0,0.0345,8.67e-06,0.81,0.194,0.217,130.0,286154,Synthwave
308,0.441,0.426,7,23.609,0,0.0533,0.369,0.49,0.0909,0.145,99.992,297577,Synthwave
309,0.582,0.869,2,26.886,1,0.0322,0.000151,0.141,0.0917,0.0715,105.001,214875,Synthwave
310,0.577,0.932,5,26.678,1,0.0537,0.00282,0.917,0.243,0.419,127.986,281343,Synthwave
311,0.605,0.864,0,26.238,1,0.0459,0.00117,0.637,0.236,0.229,133.97,266894,Synthwave
312,0.628,0.874,2,23.075,1,0.0353,3.73e-05,0.874,0.201,0.232,125.002,245891,Synthwave
313,0.536,0.914,10,28.844,0,0.0562,0.00076,0.787,0.318,0.405,120.046,200046,Synthwave
314,0.611,0.942,5,30.689,0,0.101,0.063,0.0557,0.11,0.94,120.004,271047,Synthwave
315,0.527,0.714,2,25.071,0,0.0371,0.00664,1.16e-06,0.0672,0.375,133.015,270000,Synthwave
316,0.423,0.921,7,32.33,1,0.0734,5.37e-06,0.903,0.179,0.187,131.011,214351,Synthwave
317,0.42,0.952,10,27.161,0,0.0577,0.000134,0.0109,0.12,0.626,132.987,271416,Synthwave
318,0.528,0.864,11,28.298,0,0.0441,0.000332,0.869,0.0702,0.159,126.012,274286,Synthwave
319,0.61,0.922,2,26.056,0,0.0338,0.0185,0.00149,0.226,0.559,94.992,232000,Synthwave
320,0.424,0.848,3,27.819,0,0.0376,0.000117,0.824,0.0996,0.0593,95.506,330827,Synthwave
321,0.661,0.734,9,26.795,1,0.0463,0.0688,0.743,0.0622,0.788,127.973,275875,Synthwave
322,0.584,0.551,0,25.062,1,0.03,0.0083,0.928,0.103,0.0375,99.99,257817,Synthwave
323,0.568,0.694,5,24.105,0,0.033,1.33e-05,0.922,0.118,0.522,135.007,230949,Synthwave
324,0.513,0.734,9,27.11,0,0.151,0.146,0.00269,0.0898,0.375,104.004,212308,Synthwave
325,0.555,0.876,10,25.672,0,0.209,0.085,0.848,0.165,0.361,107.998,283573,Synthwave
326,0.694,0.572,9,23.628,1,0.0281,0.00538,6.28e-06,0.0746,0.199,115.99,389095,Synthwave
327,0.482,0.781,3,29.602,0,0.0532,3.08e-05,0.0,0.0706,0.481,83.043,278360,Synthwave
328,0.625,0.391,3,21.732,0,0.0471,0.274,0.855,0.0726,0.58,89.996,304483,Synthwave
329,0.506,0.871,8,29.909,1,0.0313,0.00499,9.15e-06,0.127,0.382,129.98,232846,Synthwave
330,0.419,0.844,8,26.901,1,0.0523,0.00219,0.211,0.162,0.103,180.005,151467,Synthwave
331,0.619,0.649,6,24.32,1,0.0414,0.01,0.916,0.535,0.298,80.886,202494,Synthwave
332,0.461,0.575,5,26.779,0,0.0987,0.0474,0.879,0.265,0.0898,105.967,414500,Synthwave
333,0.599,0.753,2,24.938,1,0.0414,0.0496,0.901,0.121,0.173,92.0,271236,Synthwave
334,0.518,0.825,2,23.252,1,0.0343,0.000407,0.906,0.116,0.0608,110.986,267520,Synthwave
335,0.517,0.705,0,27.505,0,0.036,0.0344,0.909,0.151,0.19,140.025,205761,Synthwave
336,0.61,0.869,7,27.049,1,0.0318,9.55e-05,0.829,0.115,0.0708,118.061,115728,Synthwave
337,0.399,0.872,4,28.564,0,0.0319,0.000207,0.558,0.309,0.0871,154.97,427645,Synthwave
338,0.68,0.791,5,29.66,0,0.0464,4.99e-05,0.883,0.137,0.434,123.973,317419,Synthwave
339,0.44,0.615,1,23.021,0,0.039,0.0797,0.911,0.0799,0.126,84.966,354015,Synthwave
340,0.599,0.916,10,28.089,1,0.0465,0.00504,0.19,0.0938,0.208,120.056,236000,Synthwave
341,0.555,0.532,9,24.568,0,0.0278,9.36e-05,0.948,0.114,0.899,132.003,291839,Synthwave
342,0.708,0.8,7,24.535,1,0.0578,0.0075,0.841,0.106,0.453,125.994,339999,Synthwave
343,0.516,0.96,7,28.298,0,0.0991,0.0403,0.898,0.377,0.161,94.97,343141,Synthwave
344,0.55,0.882,2,26.925,1,0.0339,0.000507,0.783,0.133,0.227,109.997,240149,Synthwave
345,0.49,0.692,9,25.307,0,0.0348,0.00128,0.229,0.167,0.295,159.974,220147,Synthwave
346,0.418,0.659,2,26.042,0,0.0449,0.0105,0.878,0.0727,0.241,100.007,302400,Synthwave
347,0.535,0.846,10,27.104,0,0.0347,3.19e-05,0.762,0.549,0.653,118.018,224533,Synthwave
348,0.638,0.731,11,26.875,1,0.0481,0.0662,0.83,0.11,0.42,108.055,111111,Synthwave
349,0.308,0.675,0,28.541,0,0.0371,0.00229,0.0405,0.293,0.0852,97.978,403679,Synthwave
350,0.526,0.888,0,30.234,0,0.0591,0.00147,0.0,0.188,0.451,127.906,170977,Electro
351,0.567,0.666,1,25.974,1,0.0368,0.00467,0.0,0.132,0.268,108.02,227778,Electro
352,0.95,0.551,4,28.525,1,0.0873,0.239,0.000129,0.158,0.648,130.094,203077,Electro
353,0.782,0.831,11,28.023,0,0.0412,0.0298,0.000984,0.0969,0.586,124.001,189556,Electro
354,0.42,0.866,7,28.935,0,0.151,0.242,0.000318,0.107,0.843,198.066,136031,Electro
355,0.652,0.541,9,20.964,0,0.0286,0.679,0.647,0.373,0.122,122.017,137797,Electro
356,0.508,0.657,0,25.754,1,0.1,0.0389,0.112,0.51,0.116,135.984,208676,Electro
357,0.759,0.631,7,24.979,1,0.0406,0.172,0.053,0.266,0.254,133.024,135298,Electro
358,0.551,0.95,4,27.945,1,0.13,0.0121,0.124,0.113,0.0571,132.047,247273,Electro
359,0.667,0.633,3,27.755,1,0.0466,0.388,1.97e-06,0.14,0.519,97.996,166133,Electro
360,0.592,0.9,9,28.453,0,0.0582,0.00176,0.373,0.5,0.0752,125.021,218040,Electro
361,0.714,0.908,7,30.503,0,0.214,0.0188,1.3e-05,0.195,0.439,126.942,143622,Electro
362,0.632,0.987,2,32.472,1,0.0699,0.00106,0.00554,0.734,0.215,139.989,221143,Electro
363,0.528,0.538,0,28.73,1,0.0754,0.616,3.55e-06,0.0915,0.287,84.015,200714,Electro
364,0.732,0.88,1,28.164,0,0.101,0.00407,0.00929,0.0635,0.863,125.019,187286,Electro
365,0.67,0.832,1,24.724,1,0.0617,0.16,0.000821,0.0868,0.193,123.961,142349,Electro
366,0.601,0.912,8,28.104,1,0.0359,0.0458,0.405,0.124,0.132,123.013,134634,Electro
367,0.63,0.812,11,26.244,0,0.0479,0.00412,0.859,0.127,0.241,128.008,184000,Electro
368,0.446,0.836,1,28.677,1,0.0443,0.0604,7.35e-06,0.0835,0.392,140.114,149129,Electro
369,0.493,0.607,2,26.814,1,0.0333,0.228,0.0452,0.129,0.147,77.993,172320,Electro
370,0.67,0.562,2,25.809,1,0.0884,0.784,0.397,0.183,0.322,174.011,156552,Electro
371,0.671,0.876,7,28.319,0,0.0352,0.12,0.188,0.0823,0.964,129.998,231545,Electro
372,0.587,0.869,0,26.826,0,0.0382,0.0101,0.0147,0.118,0.119,124.008,180000,Electro
373,0.649,0.849,0,25.215,1,0.0881,0.0145,0.0285,0.117,0.361,132.032,186364,Electro
374,0.703,0.809,10,28.326,1,0.0563,0.233,0.00119,0.107,0.214,105.008,178286,Electro
375,0.755,0.719,7,28.755,1,0.0461,0.095,3.13e-06,0.132,0.425,124.035,153970,Electro
376,0.725,0.874,10,27.379,1,0.0795,0.00904,0.0359,0.139,0.412,124.022,168412,Electro
377,0.743,0.764,9,26.365,0,0.0879,0.678,0.007,0.116,0.524,124.043,132006,Electro
378,0.616,0.888,0,29.432,0,0.0391,0.0283,0.0,0.0843,0.388,126.004,194286,Electro
379,0.515,0.592,2,28.511,1,0.0342,0.504,0.0,0.0527,0.288,149.983,189600,Electro
380,0.635,0.855,9,26.796,0,0.0678,0.0484,0.000143,0.292,0.385,125.013,143040,Electro
381,0.657,0.783,1,28.172,0,0.398,0.0905,7.34e-06,0.103,0.707,134.223,140976,Electro
382,0.724,0.457,1,22.638,1,0.363,0.843,0.0772,0.0767,0.0615,105.028,211703,Electro
383,0.668,0.911,4,28.475,0,0.0642,0.0288,0.00134,0.259,0.112,118.055,187391,Electro
384,0.56,0.905,5,26.999,0,0.0447,0.00323,0.171,0.121,0.441,144.958,188690,Electro
385,0.724,0.897,11,30.99,0,0.15,0.032,0.0,0.372,0.643,126.061,155000,Electro
386,0.726,0.861,10,27.123,0,0.123,0.00992,2.97e-06,0.0902,0.471,128.041,127734,Electro
387,0.604,0.82,7,29.426,0,0.0688,0.15,0.0,0.601,0.565,124.007,149082,Electro
388,0.701,0.79,5,25.502,0,0.0419,0.0561,0.0162,0.144,0.0518,119.983,131500,Electro
389,0.712,0.587,1,23.458,1,0.176,0.532,0.0,0.0596,0.484,126.17,152450,Electro
390,0.871,0.574,8,29.7,1,0.0928,0.453,0.000179,0.151,0.583,133.015,196069,Electro
391,0.847,0.724,2,26.332,1,0.047,0.00355,0.00339,0.0731,0.326,126.983,319964,Electro
392,0.641,0.727,11,24.905,1,0.315,0.00822,0.896,0.473,0.711,130.135,155187,Electro
393,0.751,0.578,1,27.367,0,0.0648,0.299,1.5e-06,0.197,0.67,149.867,141866,Electro
394,0.652,0.614,3,26.167,0,0.0664,0.0792,0.0,0.239,0.384,129.991,155077,Electro
395,0.793,0.44,7,28.365,1,0.037,0.234,0.000373,0.0875,0.187,120.023,196062,Electro
396,0.672,0.955,8,28.234,0,0.0434,0.00626,0.518,0.27,0.255,126.02,194286,Electro
397,0.68,0.841,0,27.97,1,0.0395,0.00562,8.05e-05,0.142,0.19,123.029,227562,Electro
398,0.616,0.869,11,29.836,1,0.0584,0.0436,2.45e-06,0.0803,0.286,128.05,183750,Electro
399,0.64,0.991,9,30.524,1,0.0709,0.0289,0.0386,0.133,0.745,144.998,188724,Electro
